{
	"name": "custom-journal",
	"title": "Custom Journal",
	"description": "A custom take on the appearance of journal entries.",
	"version": "1.3.5",
	"author": "Sanyella",
	"scripts": [],
	"styles": [
		"styles/custom-journal.css",
		"styles/dark-mode.css",
		"styles/dark-slate-journal.css",
		"styles/handwritten-letter.css",
		"styles/royal-journal.css",
		"styles/sci-fi-one-journal.css",
		"styles/sci-fi-two-journal.css",
		"styles/custom-image.css",
		"fonts/Anglo-text/stylesheet.css",
		"fonts/Lovers-Quarrel/stylesheet.css",
		"fonts/Montserrat-Regular/style.css",
		"fonts/Play-Regular/style.css"
	],
	"esmodules": ["scripts/custom-journal.js"],
	"languages": [
		{
			"lang": "en",
			"name": "English",
			"path": "lang/en.json"
		},
		{
			"lang": "fr",
			"name": "Français",
			"path": "lang/fr.json"
		},
		{
			"lang": "es",
			"name": "Spanish",
			"path": "lang/es.json"
		}
	],
	"packs": [],
	"url": "https://github.com/elizeuangelo/FVTT-Custom-Journal-Theming",
	"manifest": "https://raw.githubusercontent.com/elizeuangelo/FVTT-Custom-Journal-Theming/master/module.json",
	"download": "https://github.com/elizeuangelo/FVTT-Custom-Journal-Theming/raw/master/custom-journal.zip",
	"bugs": "https://github.com/Sanyella/FVTT-Custom-Journal-Theming/issues",
	"compatibleCoreVersion": "0.8.8",
	"minimumCoreVersion": "0.8.8"
}
